{
  "conv_results": [
    {
      "name": "conv1",
      "shape": [
        64,
        3,
        7,
        7
      ],
      "L_spatial": 256,
      "N_samples": 2048,
      "alpha_exact": 1.9860202237385984,
      "r2_exact": 0.9727508463957562,
      "sigma": [
        4.031926155090332,
        1.226806879043579,
        1.057002067565918,
        0.7150401473045349,
        0.5649182200431824,
        0.5020217895507812,
        0.4347101151943207,
        0.34004151821136475,
        0.2765278220176697,
        0.24926204979419708
      ],
      "h_exact": [
        9.813371986150742,
        0.5148378759622574,
        0.34952897392213345,
        0.30243293568491936,
        0.13479149248450994,
        0.18920852057635784,
        0.08667966397479177,
        0.06256425217725337,
        0.02938904892653227,
        0.034355181152932346
      ],
      "h_kron": [
        3.3967041154390424e-07,
        4.8057050445004284e-08,
        3.9736143293309876e-08,
        2.3493645636295803e-08,
        1.4354975169962098e-08,
        1.732837938872476e-08,
        9.880058911836028e-09,
        7.685559148756107e-09,
        3.414058290751079e-09,
        6.057179920442778e-09
      ],
      "h_sum_of_products": [
        2.738648277045286e-07,
        4.2852466464182726e-08,
        3.400606374270865e-08,
        2.1078010448150053e-08,
        1.269790228519696e-08,
        1.4982735052626595e-08,
        7.887370756520795e-09,
        7.110499744555909e-09,
        3.2942426564375182e-09,
        5.191249652369834e-09
      ],
      "h_product_of_sums": [
        3.396700947178033e-07,
        4.805701436794152e-08,
        3.973613971197665e-08,
        2.3493653245054702e-08,
        1.4354974986474645e-08,
        1.7328359191992604e-08,
        9.880035456433234e-09,
        7.68556507324547e-09,
        3.4140599236565095e-09,
        6.057175205853582e-09
      ],
      "concentration_ratio": [
        0.8062671422958374,
        0.8917005658149719,
        0.8557968735694885,
        0.8971789479255676,
        0.8845645785331726,
        0.8646366596221924,
        0.7983140349388123,
        0.9251759052276611,
        0.96490478515625,
        0.8570413589477539
      ],
      "cos2_theta": [
        28890864.946246017,
        10713056.069710927,
        8796248.074255899,
        12872967.4554078,
        9389879.877086952,
        10918996.885506336,
        8773193.029340342,
        8140494.525681878,
        8608244.623751517,
        5671811.239581107
      ],
      "top_1pct_contribution": 0.7054622173309326,
      "top_10pct_contribution": 0.9800005555152893,
      "spatial_gini": 0.5570006966590881,
      "sample_gini": 0.8616176843643188,
      "mean_uTd_sq": [
        3.1165612313088786e-09,
        3.5908749307367316e-09,
        2.2663619869689455e-09,
        2.647266628130751e-09,
        3.0772493442299265e-09,
        3.1663316413244047e-09,
        2.675247579020379e-09,
        1.7208228175746854e-09,
        1.0159004748544476e-09,
        2.1574848574346106e-09
      ],
      "mean_vTa_sq": [
        108.9887466430664,
        13.383092880249023,
        17.53300666809082,
        8.874683380126953,
        4.664872169494629,
        5.472692489624023,
        3.693129539489746,
        4.466215133666992,
        3.360624313354492,
        2.8075168132781982
      ]
    },
    {
      "name": "layer1.0.conv2",
      "shape": [
        64,
        64,
        3,
        3
      ],
      "L_spatial": 64,
      "N_samples": 2048,
      "alpha_exact": 2.5180212272161158,
      "r2_exact": 0.9698514832694598,
      "sigma": [
        0.47379937767982483,
        0.20419351756572723,
        0.15956556797027588,
        0.1386069804430008,
        0.1282137632369995,
        0.12012792378664017,
        0.1054316982626915,
        0.0925389751791954,
        0.08655456453561783,
        0.08048177510499954
      ],
      "h_exact": [
        1.5915412977337837,
        0.30921732168644667,
        0.11961787100881338,
        0.05421996058430523,
        0.04588486102875322,
        0.06346696219407022,
        0.048047141171991825,
        0.027280861628241837,
        0.024443375470582396,
        0.02056612045271322
      ],
      "h_kron": [
        1.5352928373760298e-07,
        3.0497397950306324e-08,
        2.6551794951722122e-08,
        1.472812253396109e-08,
        1.792740867670645e-08,
        1.7893680312290266e-08,
        1.150903492937362e-08,
        1.0654588183488697e-08,
        7.624367706951509e-09,
        8.657625789886956e-09
      ],
      "h_sum_of_products": [
        1.3958144506887038e-07,
        3.169432005734052e-08,
        2.3882540389763562e-08,
        1.3226289397039181e-08,
        1.2575232410938497e-08,
        1.3731928483196043e-08,
        9.37973432257877e-09,
        8.786014582540247e-09,
        5.869132735369931e-09,
        6.296896337687485e-09
      ],
      "h_product_of_sums": [
        1.5352904370047327e-07,
        3.049735397553377e-08,
        2.6551761678206276e-08,
        1.4728084529735952e-08,
        1.7927359152736244e-08,
        1.789366699256334e-08,
        1.1509031061507358e-08,
        1.0654588322722702e-08,
        7.624356257451836e-09,
        8.657613292939459e-09
      ],
      "concentration_ratio": [
        0.9091533422470093,
        1.0392482280731201,
        0.8994710445404053,
        0.8980318903923035,
        0.7014548182487488,
        0.7674183249473572,
        0.8149890303611755,
        0.824622631072998,
        0.7697873115539551,
        0.7273247241973877
      ],
      "cos2_theta": [
        10366369.587536722,
        10139137.843507098,
        4505076.633286335,
        3681389.8349420447,
        2559480.9521117583,
        3546892.5948385233,
        4174732.413867719,
        2560480.157320271,
        3205954.4358407813,
        2375491.9595550867
      ],
      "top_1pct_contribution": 0.5386314392089844,
      "top_10pct_contribution": 0.9361986517906189,
      "spatial_gini": 0.5215663909912109,
      "sample_gini": 0.84212327003479,
      "mean_uTd_sq": [
        1.6607719643957353e-08,
        3.272582560498449e-08,
        3.644582591277867e-08,
        2.9738037810034257e-08,
        2.7041714645292814e-08,
        2.8128077644851146e-08,
        3.24769615644982e-08,
        2.9726729522394635e-08,
        2.403167087550173e-08,
        2.115250907763766e-08
      ],
      "mean_vTa_sq": [
        9.244438171386719,
        0.9319047927856445,
        0.7285268306732178,
        0.4952608048915863,
        0.6629520058631897,
        0.6361496448516846,
        0.3543752431869507,
        0.3584177792072296,
        0.31726282835006714,
        0.40929487347602844
      ]
    },
    {
      "name": "layer2.0.conv1",
      "shape": [
        128,
        64,
        3,
        3
      ],
      "L_spatial": 16,
      "N_samples": 2048,
      "alpha_exact": 2.568769996825855,
      "r2_exact": 0.9887634614413681,
      "sigma": [
        0.8715401291847229,
        0.19915637373924255,
        0.17760808765888214,
        0.16876906156539917,
        0.1525145173072815,
        0.14416475594043732,
        0.1323264092206955,
        0.12614350020885468,
        0.11518792062997818,
        0.10867591947317123
      ],
      "h_exact": [
        5.740609407424927,
        0.11890339339151978,
        0.09419753914698958,
        0.07697386876679957,
        0.04417535418178886,
        0.05711463140323758,
        0.03638985857833177,
        0.04103479580953717,
        0.040211704559624195,
        0.026792374439537525
      ],
      "h_kron": [
        3.7423662761469916e-06,
        1.4860945946440133e-07,
        1.1462098894980265e-07,
        1.173668253515502e-07,
        8.961786108847667e-08,
        1.1250742083663943e-07,
        8.129057689467186e-08,
        1.0181860006053083e-07,
        8.31158737691834e-08,
        5.5622606654370216e-08
      ],